,ID,name,country,Region,team_name,role
0,Magical,Huỳnh Hữu Nghĩa,Vietnam,Southeast Asia,496,Coach
1,dnm,David Cossio,United States,North America,5RATFORCESTAFF,Carry
2,Speeed,Paul Bocchicchio,United States,North America,5RATFORCESTAFF,Offlaner
3,Kitzz,Francis Arriola,United States,North America,5RATFORCESTAFF,Solo Middle
4,CTOMAHEH1,Nikolay Kalchev,Bulgaria,Europe,5RATFORCESTAFF,Support
5,albinozebra1,Matthew Conley,United States,North America,5RATFORCESTAFF,Support
6,charlie,Charlie Arat,Sweden,Europe,Alliance,Carry
7,Loda,Jonathan Emanuel Berg,Sweden,Europe,Alliance,Coach
8,s4,Gustav Magnusson,Sweden,Europe,Alliance,Offlaner
9,ChYuan,Ng Kee Chyuan,Malaysia,Southeast Asia,Alliance,Solo Middle
11,ponlo,Remus Goh Zhi Xian,Singapore,Southeast Asia,Alliance,Support
12,Handsken,Simon Rasmus Haag,Sweden,Europe,Alliance,Support
13,Lumière,Edward Guillen Valencia,Peru,South America,Alliance.LATAM,Carry
14,Vitaly,Pablo Cesar Angulo Roman,Peru,South America,Alliance.LATAM,Offlaner
15,4nalog,João Gabriel Giannini,Brazil,South America,Alliance.LATAM,Solo Middle
16,Thiolicor,Thiago de Oliveira Cordeiro,Brazil,South America,Alliance.LATAM,Support
17,Gardick,Brayan Antony López Cárdenas,Peru,South America,Alliance.LATAM,Support
18,Rises,Diego Nicolás Ortas Rodríguez,Uruguay,South America,ALPHA,Carry
19,Monster,Steven Noel,United States,North America,ALPHA,Offlaner
20,BlackSoul,Josue Ronald Ticona Aliendre,Bolivia,South America,ALPHA,Solo Middle
21,wij,Nicolás Moreno,Argentina,South America,ALPHA,Support
22,Yadomi,Junior Reyes Rimari,Peru,South America,ALPHA,Support
24,Derp,Frederico Micko B. Mampusti,Philippines,Southeast Asia,ALPHA Esports Pro,Support
26,lil pleb,Stoyan Kostov,Bulgaria,Europe,Ancient Tribe,Carry
27,Mitch,Damir Škaričić,Croatia,Europe,Ancient Tribe,Offlaner
28,meLes,Andrei Romanov,Russia,Europe,Ancient Tribe,Offlaner
29,MTD,Samu Hautala,Finland,Europe,Ancient Tribe,Solo Middle
30,LeBronDota,Nikola Popović,Serbia,Europe,Ancient Tribe,Support
31,Heaven,Yevhen Ponomarjov,Ukraine,Europe,Ancient Tribe,Support
32,Argius,Jhordyn Mendoza Vásquez,Peru,South America,Another NA Team,Carry
33,RRL,Ryan Liu,United States,North America,Another NA Team,Solo Middle
34,USH,Chris Usher,United States,North America,Another NA Team,Solo Middle
35,FeelinG,Brayan Zarate,Peru,South America,Another NA Team,Support
36,The Warden,Justin Placinto,United States,North America,Another NA Team,Support
38,monkeys-forever,Jaron Clinton,United States,North America,Arkosh Gaming,Offlaner
39,Xcalibur,Steve Ye,Sweden,Europe,Arkosh Gaming,Solo Middle
40,Febby,Kim Yong-min,South Korea,Other,Arkosh Gaming,Support
41,Zfreek,Zakari Freedman,United States,North America,Arkosh Gaming,Support
42,inYourdreaM,Muhammad Rizky,Indonesia,Southeast Asia,Army Geniuses,Carry
43,Yowe,Yuri Dave Pacaña,Philippines,Southeast Asia,Army Geniuses,Carry
44,Clairvoyance,Aaron Kim,Canada,North America,Army Geniuses,Coach
45,Koala,Farand Kowara,Indonesia,Southeast Asia,Army Geniuses,Coach
46,db-,Daud Budiawan,Indonesia,Southeast Asia,Army Geniuses,Offlaner
47,Jhocam,Tri Kuncoro,Indonesia,Southeast Asia,Army Geniuses,Support
48,Varizh,Rizki Varizh,Indonesia,Southeast Asia,Army Geniuses,Support
49,Ulu,Wang Jiakai,China,China,Aster.Aries,Carry
50,86,Chen Yuxuan,China,China,Aster.Aries,Coach
51,Op,Ou Peng,China,China,Aster.Aries,Coach
52,生死,Xiao Yihu,China,China,Aster.Aries,Offlaner
53,White丶Album,Liu Yuhao,China,China,Aster.Aries,Solo Middle
54,RedPanda,Ru Zhihao,China,China,Aster.Aries,Support
55,TK,He Boyi,China,China,Aster.Aries,Support
56,StoneBank,Denis Korzh,Ukraine,Europe,B8,Carry
57,Funn1k,Glib Lipatnikov,Ukraine,Europe,B8,Offlaner
58,Dendi,Danil Ishutin,Ukraine,Europe,B8,Solo Middle
59,MoOz,Joel Mori Ozambela,Peru,South America,B8,Support
60,Lodine,Oleg Kvasha,Ukraine,Europe,B8,Support
61,SoLotic,Posathorn Kasemsawat,Thailand,Southeast Asia,Baby Build House,Support
62,Ñengo,José Luis Laura,Peru,South America,Balrogs,Solo Middle
63,Dark_Demon,Diego Mathias Huamán,Peru,South America,Balrogs,Support
64,K1,Héctor Antonio Rodríguez,Peru,South America,beastcoast,Carry
65,Raykill,Eduardo Nuñez,Venezuela,South America,beastcoast,Coach
66,Sacred,Rafael Hinostroza Yonatan,Peru,South America,beastcoast,Offlaner
67,Valqui,Thomas Jaulis Romero,Peru,South America,beastcoast,Offlaner
68,DarkMago,Herrera Martínez Oswaldo Gonzalo,Peru,South America,beastcoast,Solo Middle
70,Scofield,Elvis De la Cruz Peña,Peru,South America,beastcoast,Support
71,StingeR,Steven Edwin Vargas Mamani,Peru,South America,beastcoast,Support
72,lowkez,Ilgiz Arduganov,Russia,Europe,BENZ190E,Support
73,Pure,Ivan Moskalenko,Russia,Europe,BetBoom Team,Carry
74,boo1k,Anatoly Ivanov,Russia,Europe,BetBoom Team,Coach
76,Nightfall,Egor Grigorenko,Russia,Europe,BetBoom Team,Offlaner
77,gpk,Danil Skutin,Russia,Europe,BetBoom Team,Solo Middle
78,Save-,Vitalie Melnic,Moldova,Europe,BetBoom Team,Support
79,TORONTOTOKYO,Alexander Khertek,Russia,Europe,BetBoom Team,Support
80,sQreen,Khaled El-Khabbash,Russia,Europe,BINOMISTAS,Coach
81,Raven,Marc Polo Luis Fausto,Philippines,Southeast Asia,Blacklist International,Carry
82,Kuku,Carlo Palad,Philippines,Southeast Asia,Blacklist International,Offlaner
83,Karl,Karl Matthew Baldovino,Philippines,Southeast Asia,Blacklist International,Solo Middle
84,eyyou,Nico Barcelon,Philippines,Southeast Asia,Blacklist International,Support
85,TIMS,Timothy John Randrup,Philippines,Southeast Asia,Blacklist International,Support
86,JaCkky,Souliya Khoomphetsavong,Laos,Southeast Asia,Bleed Esports,Carry
87,Forev,Lee Sang-don,South Korea,Other,Bleed Esports,Coach
88,Masaros,Natthaphon Ouanphakdee,Thailand,Southeast Asia,Bleed Esports,Offlaner
89,Kordan,Teng Tjin Yao,Singapore,Southeast Asia,Bleed Esports,Solo Middle
90,PlayHard,Prieme Ejay Banquil,Philippines,Southeast Asia,Bleed Esports,Support
91,DuBu,Kim Doo-young,South Korea,Other,Bleed Esports,Support
92,Natsumi-,John Anthony Vargas,Philippines,Southeast Asia,BOOM Esports,Carry
93,Mushi,Chai Yee Fung,Malaysia,Southeast Asia,BOOM Esports,Coach
94,Fbz,Saieful Ilham,Indonesia,Southeast Asia,BOOM Esports,Offlaner
95,Yopaj,Erin Jasper Ferrer,Philippines,Southeast Asia,BOOM Esports,Solo Middle
96,Xepher,Kenny Deo,Indonesia,Southeast Asia,BOOM Esports,Support
97,xNova,Yap Jian Wei,Malaysia,Southeast Asia,BOOM Esports,Support
98,Yin,Fan Qihua,China,China,C5Gaming,Solo Middle
99,Xtt,Xu Xuntao,China,China,CAVALRY,Coach
100,DoubleKing,Niels Derek Cossio,United States,North America,CDUB Esports,Carry
101,AfrOmoush,Mohammad Khalil Abu Al Eis,Jordan,Other,CDUB Esports,Support
102,okcya,Niklas Koskinen,Finland,Europe,Chicken Fighters,Coach
104,Joraal,Sullivan Carlotti,France,Europe,Clowns,Carry
105,alberkaaa,Albert Chernoivanov,Russia,Europe,cybercats,Carry
106,Fervian,Evgeniy Aksyonov,Russia,Europe,cybercats,Coach
107,Forcemajor,Maksim Meretskii,Russia,Europe,cybercats,Support
108,Shad,Indji Lub,Netherlands,Europe,D2 Hustlers,Carry
109,Davai Lama,Cedric Deckmyn,Belgium,Europe,D2 Hustlers,Offlaner
110,Flash,Niamtu Angel,Romania,Europe,D2 Hustlers,Support
111,Alexxo,Aleksandar Diklić,Serbia,Europe,D2 Hustlers,Support
112,DkFogas,Vladislav Frolov,Russia,Europe,Darkside,Offlaner
113,re1bl,Maxim Afanasyev,Russia,Europe,Darkside,Solo Middle
114,RodjER,Vladimir Nikogosian,Russia,Europe,Darkside,Support
115,SoNNeikO,Akbar Butaev,Russia,Europe,Darkside,Support
116,idc,Hou Xiaomeng,China,China,Dawn Gaming,Carry
117,Ms,Yang Yongjie,China,China,Dawn Gaming,Carry
118,Son Goku,Lin Shiyang,China,China,Dawn Gaming,Offlaner
119,ex,Liu Shaojun,China,China,Dawn Gaming,Solo Middle
120,Docres,He Ercong,China,China,Dawn Gaming,Support
121,Maybe Next Time,Verros Apostolos,Greece,Europe,DGG Esports,Support
122,L0lik_O,Serafim Savelyev,Russia,Europe,Digital Company,Offlaner
123,Adrian,Adrian Briceño Huancas,Peru,South America,Dreamers Esports,Carry
124,Cucahook,José Antonio Espinoza Poccori,Peru,South America,Dreamers Esports,Carry
125,Drakeel,Isaac Zavaleta,Peru,South America,Dreamers Esports,Offlaner
126,Jeimari,Jeremy Ruiz Aguinaga,Peru,South America,Dreamers Esports,Solo Middle
127,Zxca,Amilkar Fhelipe Layme Bonifacio,Peru,South America,Dreamers Esports,Support
128,圣子华炼,Zhong Liushua,China,China,EHOME,Carry
129,mks,Wong Sim An,Malaysia,Southeast Asia,EHOME,Carry
130,X1aOyU,Lee Qian Yu,Malaysia,Southeast Asia,EHOME,Offlaner
131,yChen,Pan Shuaifang,China,China,EHOME,Solo Middle
132,Lww,Liu Weiwei,China,China,EHOME,Support
133,Salad,Tang Xiaolei,China,China,EHOME,Support
134,DoublA,Michael Ipovich,United States,North America,Electronic Boys,Support
135,Gudii,William Aguilera,Venezuela,South America,Electrosaurios,Support
136,Xz,Chen Zezhi,China,China,Elephant,Coach
137,watson,Alimzhan Islambekov,Kazakhstan,Europe,Entity,Carry
138,MeTTpuM,Daniil Gilev,Russia,Europe,Entity,Coach
139,Tobi,Tobias Buchner,Austria,Europe,Entity,Offlaner
140,Stormstormer,Daniel Schoetzau,Germany,Europe,Entity,Solo Middle
141,Fishman,Dzmitry Palishchuk,Belarus,Europe,Entity,Support
142,Kataomi`,Vladislav Semenov,Russia,Europe,Entity,Support
143,Crio_J,Choi Jong-Bin,South Korea,Other,Erethia,Solo Middle
144,Moonlight,Christopher Paolo Andrés Roldán Navarro,Chile,South America,Eternity,Support
145,Aretes,Jeanpierre Rivera Perez,Peru,South America,Eternity,Support
147,Pakazs,Crhistian Antony Savina Casanova,Peru,South America,Evil Geniuses,Carry
148,Vintage,Juan David Angulo Nicho,Peru,South America,Evil Geniuses,Coach
149,Wisper,Adrián Céspedes Dobles,Bolivia,South America,Evil Geniuses,Offlaner
150,Chris Luck,Jean Pierre Gonzales Salazar,Peru,South America,Evil Geniuses,Solo Middle
151,Matthew,Farith Jeafehe Puente Huamancaja,Peru,South America,Evil Geniuses,Support
152,Pandaboo,Jose Leonardo Padilla Hernandez,Peru,South America,Evil Geniuses,Support
153,Palos,Jinn Marrey P. Lamatao,Philippines,Southeast Asia,Execration,Carry
154,Kim0,Kimuel Borromeo Rodis,Philippines,Southeast Asia,Execration,Coach
155,March,Park Tae-won,South Korea,Other,Execration,Coach
156,Tino,Justine Ryan Evangelista Grimaldo,Philippines,Southeast Asia,Execration,Offlaner
157,Bob,Mark Anthony A. Urbina,Philippines,Southeast Asia,Execration,Solo Middle
158,BDz,Juan Carlo Chua Manalo,Philippines,Southeast Asia,Execration,Support
159,Shanks,Mark Jubert Redira,Philippines,Southeast Asia,Execration,Support
160,Ax.Mo,Dmitry Morozov,Russia,Europe,EZ KATKA,Offlaner
161,KingR,Rinat Abdullin,Russia,Europe,Fantastic Five,Support
163,BSJ,Brian Canavan,United States,North America,Fart Studios,Carry
164,iAnnihilate,Danny Cote,Canada,North America,Fart Studios,Solo Middle
165,Newsham,Jason Newsham,United States,North America,Fart Studios,Support
166,Berna,Bernardo David Rocca Alarcón,Peru,South America,felt,Carry
167,Fayde,Victor Zuev,United States,North America,felt,Offlaner
168,"solji;,",Boris Khundziya,Russia,Europe,felt,Solo Middle
169,Chen,Chen Yi,United States,North America,felt,Support
170,Shoe,Mykyta Zagrebin,United States,North America,felt,Support
171,Gabbi,Kim Villafuerte Santos,Philippines,Southeast Asia,Fnatic,Carry
172,kpii,Damien Chok Sau-jing,Australia,Other,Fnatic,Offlaner
173,Armel,Armel Paul Luna Tabios,Philippines,Southeast Asia,Fnatic,Solo Middle
174,DJ,Djardel Jicko B. Mampusti,Philippines,Southeast Asia,Fnatic,Support
175,Jaunuel,Jaunuel Arcilla,Philippines,Southeast Asia,Fnatic,Support
176,dyrachyo,Anton Shkredov,Russia,Europe,Gaimin Gladiators,Carry
177,Ace,Marcus Folke Hoelgaard Christensen,Denmark,Europe,Gaimin Gladiators,Offlaner
178,Quinn,Quinn Callahan,United States,North America,Gaimin Gladiators,Solo Middle
179,tOfu,Erik Engel,Germany,Europe,Gaimin Gladiators,Support
180,Seleri,Melchior Hillenkamp,Netherlands,Europe,Gaimin Gladiators,Support
182,skem,Rolen Andrei Gabriel Ong,Philippines,Southeast Asia,Geek Slate,Carry
183,Force,Nikko Bilocura,Philippines,Southeast Asia,Geek Slate,Offlaner
184,Kokz,Joshua H. Maraño,Philippines,Southeast Asia,Geek Slate,Solo Middle
185,Roddgeee,Roger Tan Boon Thye,Malaysia,Southeast Asia,Geek Slate,Support
186,NARMAN,Ravdan Narmandakh,Mongolia,Other,Geek Slate,Support
187,NaoG,Eduardo David Valencia Sánchez,Peru,South America,Gorillaz-Pride,Carry
188,Erice,James Erice Guerra,Philippines,Southeast Asia,GrindSky Esports,Support
189,Grimz,Jomari Anis,Philippines,Southeast Asia,GrindSky Esports,Support
190,KyT,Nitiphat Chutonganan,Thailand,Southeast Asia,Hashtag Dota,Offlaner
191,Daxak,Nikita Kuzmin,Russia,Europe,HellRaisers,Carry
193,MieRo`,Matvey Vasyunin,Russia,Europe,HellRaisers,Offlaner
194,depressed kid,Gleb Zyryanov,Russia,Europe,HellRaisers,Solo Middle
195,Antares,Vladislav Kertman,Russia,Europe,HellRaisers,Support
196,Solo,Alexey Berezin,Russia,Europe,HellRaisers,Support
197,xannii,Arslan Shadzhanov,Russia,Europe,HF,Carry
198,sohy,Aleksey Korenkov,Belarus,Europe,HF,Solo Middle
199,Sehny,Jan Sehnal,Czechia,Other,Hippomaniacs,Support
200,Stizer,Ruslan Sadriev,Russia,Europe,Husky eSports,Solo Middle
201,dream`,Kıyalbek Tayirov,Kyrgyzstan,CIS,HYDRA,Carry
202,TheHeartlessKing,Maxim Fadeev,Ukraine,Europe,HYDRA,Coach
203,Cloud,Alexander Zakharov,Russia,Europe,HYDRA,Offlaner
204,Worick,Vitalij Brezgin,Russia,Europe,HYDRA,Solo Middle
205,HappyDyurara,Sergey Horonzhiy,Belarus,Europe,HYDRA,Support
206,doodle,Lin Zikai,China,China,iG Vitality,Carry
207,ButterflyEffect,Ni Weijie,China,China,iG Vitality,Solo Middle
208,Summer,Tang Kaiwen,China,China,iG Vitality,Solo Middle
209,sj,Wang Sijie,China,China,iG Vitality,Support
210,Mnz,Alonso León,Peru,South America,Infamous,Carry
211,FalcoStyle,Huester Valenzuela,Peru,South America,Infamous,Coach
212,Oscar,Oscar David Chavez Jimenez,Bolivia,South America,Infamous,Offlaner
213,SLATEM$,Jordan Pascasio Vega,Peru,South America,Infamous,Solo Middle
214,sl4d1n-,Alexis Cepeda Sitl Sitl,Ecuador,South America,Infamous,Support
215,Mjz,Romel Quinteros,Peru,South America,Infamous,Support
216,Papita,Mariano Caneda,Argentina,South America,Infinity,Coach
217,Frank,Frank Alberto Arias Ayala,Peru,South America,Infinity,Offlaner
218,Leostyle-,Leonardo Sifuentes,Peru,South America,Infinity,Solo Middle
219,Genek,Moises Asencios Santillan,Peru,South America,Infinity,Support
220,Prada,Sergio Toribio Orihuela,Peru,South America,Infinity,Support
221,Otaker,Roman Aliullov,Non-representing,Other,Into The Breach,Carry
222,MiLAN,Milan Kozomara,Bosnia and Herzegovina,Europe,Into The Breach,Coach
223,Rajjix,Roy al Rajji,Lebanon,Other,Into The Breach,Offlaner
224,Xibbe,Andreas Ragnemalm,Sweden,Europe,Into The Breach,Offlaner
225,Supream^,Ondřej Štarha,Czechia,Other,Into The Breach,Solo Middle
226,Immersion,Aleksandr Khmelevskoi,Russia,Europe,Into The Breach,Support
227,Kidaro,Ivan Bondarev,Ukraine,Europe,Into The Breach,Support
228,Slaw,Joseph Durand Cornejo,Peru,South America,Inverse,Support
229,Emo,Zhou Yi,China,China,Invictus Gaming,Carry
230,super,Su Peng,China,China,Invictus Gaming,Coach
231,Irving,Li Jian,China,China,Invictus Gaming,Offlaner
232,Dust,Zhou Shiyuan,China,China,Invictus Gaming,Solo Middle
233,qyqx,Cui Chenyang,China,China,Invictus Gaming,Support
234,poloson,Wilson Koh Chin Wei,Singapore,Southeast Asia,Invictus Gaming,Support
235,Mariachi,Vladlen Grebenkov,Russia,Europe,IP-SPORT,Carry
236,pio65,Alexandr Zalivako,Belarus,Europe,IVY,Carry
237,OwnedMe,Mathias Huynh,Denmark,Europe,IVY,Offlaner
238,Mo13ei,Fabian Knehr,Germany,Europe,IVY,Solo Middle
239,jmn,Jonas Vincent Matz,Germany,Europe,IVY,Support
240,Qupe,Jan Tinnemeier,Germany,Europe,IVY,Support
246,Costabile,Guilherme Silva Costábile,Brazil,South America,Keyd Stars,Carry
247,DFlash,Bruno de Souza Oliveira,Brazil,South America,Keyd Stars,Coach
248,tavo,Otávio Gabriel Cerqueira Silva,Brazil,South America,Keyd Stars,Offlaner
249,4dr,Adriano de Paula Machado,Brazil,South America,Keyd Stars,Solo Middle
250,Kingrd,Danylo Nascimento,Brazil,South America,Keyd Stars,Support
251,KJ,Matheus Santos Jungles Diniz,Brazil,South America,Keyd Stars,Support
252,eGo,Luo Bin,China,China,Knights,Carry
253,Flyby,Su Lei,China,China,Knights,Offlaner
254,AlaCrity,Vincent Hiew Teck Yoong,Malaysia,Southeast Asia,Knights,Solo Middle
255,XCJ,Xiao Chaojian,China,China,Knights,Support
256,FelixCiaoBa,Chong Wei Lun,Malaysia,Southeast Asia,Knights,Support
257,MaRveL-,Tuguldur Munkhbat,Mongolia,Other,KOBOLDS,Support
258,RealToxi,Stefan Stamatović,Serbia,Europe,KZ Team,Coach
259,Fonte,Lai Xingyu,China,China,LBZS,Carry
260,Tzy丶,Jiang Bo,China,China,LBZS,Offlaner
261,pp,Jin Peng,China,China,LBZS,Solo Middle
262,guoguo,Zhan Yaoyang,China,China,LBZS,Support
263,Yp,Yang Yuepeng,China,China,LBZS,Support
264,lowskill,Tamás Kaszás,Hungary,Europe,Level UP,Carry
265,BoraNija,Duško Boranijašević,Serbia,Europe,Level UP,Solo Middle
266,Velheor,Fedor Rusihin,Russia,Europe,Level UP,Support
267,eleven,Munkh-Erdene Battsooj,Mongolia,Other,Lilgun,Offlaner
268,423,Altanginj Bilguun,Mongolia,Other,Lilgun,Solo Middle
269,Ace12,Batbayasgalan Narankhand,Mongolia,Other,Lilgun,Support
270,Imba4,Vladislav Khoroltsev,Russia,Europe,Luna Gaming,Solo Middle
271,[T]SA,Sergey Timchenko,Russia,Europe,Luna Gaming,Support
272,RedMonster,Jhon Albert Mamani,Peru,South America,Mad Kings,Coach
273,ArzenT,Juan Antonio Arteaga Beltran,Peru,South America,Mad Kings,Offlaner
274,JachiTo,Luis Lanazca,Peru,South America,Mad Kings,Solo Middle
275,Smoker,Pablo Yarlequè,Peru,South America,Mad Kings,Support
276,BarabaNN,Sergey Posvyashchenniy,Russia,Europe,Magic Hands,Carry
277,Gatciy,Azamat Gatciev,Russia,Europe,Magic Hands,Support
278,Kimizu,Jayquem Gumalan,Philippines,Southeast Asia,MANTA Esports,Offlaner
279,molasses,Hu Jiaxing,China,China,Meteor Gaming,Offlaner
280,fn,Rostislav Lozovoi,Ukraine,Europe,Mind Games,Solo Middle
281,Nande,Lasha Narsia,Georgia,Europe,Monaspa,Carry
282,SkyLark,Kharis Zafeiriou,Greece,Europe,Monaspa,Offlaner
283,grizine,Nenad Lukic,Serbia,Europe,Monaspa,Offlaner
284,W1sh-,Irakli Peranidze,Georgia,Europe,Monaspa,Solo Middle
285,dEsire,Sakis Kartsampas,Greece,Europe,Monaspa,Support
286,SsaSpartan,Giorgos Giannakopoulos,Greece,Europe,Monaspa,Support
287,symetricaL,Moiez Lin,United Kingdom,Europe,Monte,Offlaner
288,Dayshi,Antoine Stievenart,France,Europe,Monte,Support
289,Meracle,Galvin Kang Jian Wen,Singapore,Southeast Asia,Myth Avenue Gaming,Carry
290,zeal,Nicholas Lim Eng Han,Malaysia,Southeast Asia,Myth Avenue Gaming,Offlaner
291,xsilearn,Ng Anwei,Singapore,Southeast Asia,Myth Avenue Gaming,Solo Middle
292,khishka,Khishigbat Byambaa,Mongolia,Other,Myth Avenue Gaming,Support
293,RR,Ralph Richard A. Peñano,Philippines,Southeast Asia,Myth Avenue Gaming,Support
294,V-Tune,Alik Vorobey,Ukraine,Europe,Natus Vincere,Carry
295,Artstyle,Ivan Antonov,Ukraine,Europe,Natus Vincere,Coach
297,laise,Vladislav Lais,Ukraine,Europe,Natus Vincere,Offlaner
298,Nicky`Cool,Nikita Ostakhov,Kazakhstan,Europe,Natus Vincere,Solo Middle
299,Malady,Arman Orazbayev,Kazakhstan,Europe,Natus Vincere,Support
300,swedenstrong,Georgii Zainalabidov,Non-representing,Other,Natus Vincere,Support
301,XemistrY,James Lee,Australia,Other,Nebula,Solo Middle
302,Kiritych,Ilya Ulyanov,Russia,Europe,Nemiga Gaming,Carry
303,j4,Alexei Lipai,Belarus,Europe,Nemiga Gaming,Coach
304,Vazya,Ivan German,Russia,Europe,Nemiga Gaming,Offlaner
305,Malr1ne,Stanislav Potorak,Russia,Europe,Nemiga Gaming,Solo Middle
306,Hellscream,Kirill Lagutik,Belarus,Europe,Nemiga Gaming,Support
307,so bad,Vitaly Oshmankevich,Belarus,Europe,Nemiga Gaming,Support
308,ChuaN,Wong Hock Chuan,Malaysia,Southeast Asia,Neon Esports,Coach
309,Enryu,Michael Roi T. Ladines,Philippines,Southeast Asia,Neon Esports,Offlaner
310,Ken,Argle Ken C. Llesis,Philippines,Southeast Asia,Neon Esports,Solo Middle
311,YoungGod,Levi Lagaret,Philippines,Southeast Asia,NerdRig,Carry
312,YamateH,Ng Wei Poong,Malaysia,Southeast Asia,NerdRig,Support
313,ATF,Ammar Al-Assaf,Jordan,Other,Nigma Galaxy,Carry
314,Miracle-,Amer Al-Barkawi,Jordan,Other,Nigma Galaxy,Carry
315,ImmortalFaith,Daniel Moza,Romania,Europe,Nigma Galaxy,Coach
316,MinD_ContRoL,Ivan Borislavov Ivanov,Bulgaria,Europe,Nigma Galaxy,Offlaner
317,SumaiL,Syed Sumail Hassan,Pakistan,Other,Nigma Galaxy,Solo Middle
318,Attacker,Mohammed Almheiri,United Arab Emirates,Other,Nigma Galaxy,Solo Middle
319,KuroKy,Kuro Salehi Takhasomi,Germany,Europe,Nigma Galaxy,Support
320,GH,Maroun Merhej,Lebanon,Other,Nigma Galaxy,Support
321,kAAN,Daniel Heisu,Romania,Europe,No Bounty Hunter,Carry
322,mini,Pedro Luiz Rezende de Paula,Brazil,South America,No Runes,Carry
323,hyko,Lucas Morais,Brazil,South America,No Runes,Offlaner
324,Jupiter,Giovanni Ramos Pereira,Brazil,South America,No Runes,Offlaner
325,Mr.Jeans,Jean Franco Natividad,Peru,South America,No Runes,Solo Middle
326,nuages,Caio Soares de Oliveira,Brazil,South America,No Runes,Support
327,Mandy,Leonardo Santos Viana da Guarda,Brazil,South America,NoPing e-sports,Carry
328,dunha1,Kaue Gabriel Camuci de Lima,Brazil,South America,NoPing e-sports,Offlaner
329,Yamsun,Luke Wang,United States,North America,nouns,Carry
331,Moo,David William Hull,United States,North America,nouns,Offlaner
332,Gunnar,Nicolas Lopez,United States,North America,nouns,Solo Middle
333,LESLÃO,Rodrigo Lelis Santos,Brazil,South America,nouns,Support
334,Husky,Jacob Fifik,United States,North America,nouns,Support
335,Yuragi,Artem Golubiev,Ukraine,Europe,OG,Carry
336,Chuvash,Evgenii Makarov,Non-representing,Other,OG,Coach
337,DM,Dmitry Dorokhin,Russia,Europe,OG,Offlaner
338,bzm,Bozhidar Bogdanov,Bulgaria,Europe,OG,Solo Middle
339,Taiga,Tommy Le,Norway,Europe,OG,Support
340,Misha,Mikhail Agatov,Russia,Europe,OG,Support
341,Hao,Chen Zhihao,China,China,Old Boys,Carry
342,Zhou,Chen Yao,China,China,Old Boys,Carry
343,ZSMJ,Gong Jian,China,China,Old Boys,Carry
344,SanSheng,Wang Zhaohui,China,China,Old Boys,Coach
345,ZippO,Zhou Xiong,China,China,Old Boys,Coach
346,YYF,Jiang Cen,China,China,Old Boys,Offlaner
347,Mu,Zhang Pan,China,China,Old Boys,Solo Middle
348,820,Zou Yitian,China,China,Old Boys,Support
349,DD,Xie Bin,China,China,Old Boys,Support
350,LongDD,Huang Xiang,China,China,Old Boys,Support
351,Ceb,Sébastien Félix Albert Debs,France,Europe,Old G,Offlaner
352,Topson,Topias Miikka Taavitsainen,Finland,Europe,Old G,Solo Middle
353,Noone,Volodymyr Minenko,Ukraine,Europe,Old G,Solo Middle
354,N0tail,Johan Sundstein,Denmark,Europe,Old G,Support
355,MSS,Arif Anwar,United States,North America,Old G,Support
356,Munkushi~,Nikita Chepurnykh,Russia,Europe,One Move,Carry
357,G,Sergei Bragin,Russia,Europe,One Move,Coach
358,AfterLife,Vasilii Shishkin,Russia,Europe,One Move,Offlaner
359,Ainkrad,Aleksey Diveevskiy,Belarus,Europe,One Move,Solo Middle
360,pantomem,Nikita Balaganin,Belarus,Europe,One Move,Support
361,Gilgir,Geogrii Svistunov,Russia,Europe,One Move,Support
362,TA2000,Aybek Tokayev,Kazakhstan,Europe,Ooredoo Thunders,Carry
363,Wuiter,Faruk Terci,Turkey,Europe,Ooredoo Thunders,Offlaner
364,No!ob,Tony Assaf,Lebanon,Other,Ooredoo Thunders,Solo Middle
365,OmaR,Omar Moughrabi,Lebanon,Other,Ooredoo Thunders,Support
366,kaori,Oleh Medvedok,Ukraine,Europe,Ooredoo Thunders,Support
367,Calvin,Calvin Chen,Australia,Other,Oracle.Youth,Support
369,Lissex,Nelson Paul Monasterios Canoa,Bolivia,South America,Paradox Esports,Offlaner
370,Meliodas,Feng Bonian,China,China,Poke Gaming,Offlaner
371,Bok,Jun B. Kanehara,Philippines,Southeast Asia,Polaris Esports,Offlaner
372,Mac,Mc Nicholson Villanueva,Philippines,Southeast Asia,Polaris Esports,Solo Middle
373,cml,Bryle Jacob D. Alvizo,Philippines,Southeast Asia,Polaris Esports,Support
374,Jing,John Rey Yee Duyan,Philippines,Southeast Asia,Polaris Esports,Support
375,Accell,Alexander Litvinenko,Russia,Europe,Project Armor,Support
376,Ame,Wang Chunyu,China,China,PSG.LGD,Carry
377,shiro,Guo Xuanang,China,China,PSG.LGD,Carry
378,xiao8,Zhang Ning,China,China,PSG.LGD,Coach
379,项羽,Li Longwu,China,China,PSG.LGD,Offlaner
380,NothingToSay,Cheng Jin Xiang,Malaysia,Southeast Asia,PSG.LGD,Solo Middle
381,planet,Lin Hao,China,China,PSG.LGD,Support
382,y`,Zhang Yiping,China,China,PSG.LGD,Support
383,shigetsu,Maxim Popadinec,Ukraine,Europe,PuckChamp,Carry
384,Malik,Abdimalik Sailau,Kazakhstan,Europe,PuckChamp,Offlaner
385,young G,Nikita Bochko,Belarus,Europe,PuckChamp,Solo Middle
386,Danial,Danial Alibaev,Kazakhstan,Europe,PuckChamp,Support
387,Hduo,Ilya Deriglazov,Ukraine,Europe,PuckChamp,Support
388,Robo-Z,Sebastian Cerralta Velarde,Peru,South America,Qhali,Solo Middle
389,Benjaz,Benjamín Lanao Barrios,Peru,South America,Ravens,Offlaner
390,Cara,Alejandro Guzmán Mendoza,Peru,South America,Ravens,Offlaner
391,PiPi,Jeanpierre Valente Arroyo,Peru,South America,Ravens,Solo Middle
392,qianqian,Li Wenyao,China,China,Revenge Gaming,Offlaner
393,Sober,Liu Renrui,China,China,Revenge Gaming,Support
394,Dinozavrik,Timur Mavrin,Russia,Europe,RISE Esports,Carry
395,Blizzy,Evgeniy Ri,Kyrgyzstan,CIS,RISE Esports,Offlaner
396,Dodren,Amir Akmollin,Kazakhstan,Europe,RISE Esports,Solo Middle
397,ArrOw,Islambek Shaudirbaev,Kazakhstan,Europe,RISE Esports,Support
398,BLACKARXANGEL,Vladislav Ivachshenko,Kazakhstan,Europe,RISE Esports,Support
399,Super,Xie Junhao,China,China,Royal Never Give Up,Coach
400,Chalice,Yang Shenyi,China,China,Royal Never Give Up,Offlaner
401,Somnus,Lu Yao,China,China,Royal Never Give Up,Solo Middle
402,kaka,Hu Liangzhi,China,China,Royal Never Give Up,Support
403,Arteezy,Artour Babaev,Canada,North America,Shopify Rebellion,Carry
404,BuLba,Kanishka Sosale,United States,North America,Shopify Rebellion,Coach
405,SabeRLight-,Jonáš Volek,Czechia,Other,Shopify Rebellion,Offlaner
406,Abed,Abed Azel L. Yusop,Philippines,Southeast Asia,Shopify Rebellion,Solo Middle
407,Cr1t-,Andreas Franck Nielsen,Denmark,Europe,Shopify Rebellion,Support
408,Fly,Tal Aizik,Israel,Other,Shopify Rebellion,Support
409,Xenon,Nurislam Muhametyarov,Russia,Europe,Siberian Team,Carry
410,VANSKOR,Ivan Skorokhod,Russia,Europe,Sigma.YNT,Support
411,nico,Nicholas Martinez-Rossi,United States,North America,simply TOOBASED,Solo Middle
412,Airu,Daniil Ryabkov,Russia,Europe,SMARACIS Esports,Offlaner
413,Red,Nguyễn Tiến Phát,Vietnam,Southeast Asia,SPAWN Team,Offlaner
414,MamangDaya,Tri Daya Pamungkas,Indonesia,Southeast Asia,SPAWN Team,Solo Middle
416,23savage,Nuengnara Teeramahanon,Thailand,Southeast Asia,Talon Esports,Carry
418,SunBhie,Lee Jeong-jae,South Korea,Other,Talon Esports,Coach
419,Jabz,Anucha Jirawong,Thailand,Southeast Asia,Talon Esports,Offlaner
420,Mikoto,Rafli Fathur Rahman,Indonesia,Southeast Asia,Talon Esports,Solo Middle
421,Oli,Chan Chon Kien,Malaysia,Southeast Asia,Talon Esports,Support
422,Q,Worawit Mekchai,Thailand,Southeast Asia,Talon Esports,Support
423,Monet,Du Peng,China,China,Team Aster,Carry
425,rOtK,Bai Fan,China,China,Team Aster,Coach
426,Xxs,Lin Jing,China,China,Team Aster,Offlaner
427,一,Zhai Jingkai,China,China,Team Aster,Solo Middle
429,BoBoKa,Ye Zhibiao,China,China,Team Aster,Support
430,皮球,Yu Yajun,China,China,Team Aster,Support
431,Gorgc,Janne Stefanovski,Sweden,Europe,Team Bald Reborn,Carry
432,w33,Aliwi Omar,Romania,Europe,Team Bald Reborn,Solo Middle
433,Bengan,Jonathan Hansson,Sweden,Europe,Team Bald Reborn,Support
434,Pablo,Axel Källman,Sweden,Europe,Team Bald Reborn,Support
435,csj,Chen Shujun,China,China,Team Cloud,Offlaner
436,mercy,Li Zimeng,China,China,Team Cloud,Support
437,Yuma,Yuma Langlet,Nicaragua,Other,Team DogChamp,Carry
438,yarin,Yarin Lugassi,Israel,Other,Team DogChamp,Support
439,Bloody Nine,Daniel Foster,United States,North America,Team DogChamp,Support
440,Shisui,Sergiy Koren,Ukraine,Europe,Team Empire,Solo Middle
441,fozzy,Adel Zinnatullin,Russia,Europe,Team Empire Hope,Solo Middle
442,Unknown-,Kim Jit Pin,Malaysia,Southeast Asia,Team Flow,Carry
443,Nevermine,Somsak Chanthavisouk,Laos,Southeast Asia,Team Flow,Offlaner
444,Mercury,Yeong Shi Jie,Malaysia,Southeast Asia,Team Flow,Solo Middle
445,Czy,Cheong Zhi Ying,Malaysia,Southeast Asia,Team Flow,Support
446,TrazaM,Tan Kai Soon,Malaysia,Southeast Asia,Team Flow,Support
447,SangSang,Lei Yipei,China,China,Team Initial,Support
448,Qojqva,Maximilian Bröcker,Germany,Europe,Team Liquid,Carry
449,miCKe,Michael Vu,Sweden,Europe,Team Liquid,Carry
451,zai,Ludwig Eric Wåhlberg,Sweden,Europe,Team Liquid,Offlaner
452,Nisha,Michał Jankowski,Poland,Europe,Team Liquid,Solo Middle
453,Jabbz,Mathis Friesel,Germany,Europe,Team Liquid,Support
454,Boxi,Samuel Svahn,Sweden,Europe,Team Liquid,Support
455,iNSaNiA,Aydin Sarkohi,Sweden,Europe,Team Liquid,Support
456,Ifr1t!,Felix Rodeardo,Indonesia,Southeast Asia,Team M11,Carry
457,Ramz,Ramzi Bayhaki,Indonesia,Southeast Asia,Team M11,Solo Middle
458,Lin,Xu Ziyang,China,China,Team Mystique,Solo Middle
459,zone-,Pu Junyu,China,China,Team Mystique,Solo Middle
460,Drink,Duan Songjun,China,China,Team Mystique,Support
461,Nj,Law Chee Hoong,Malaysia,Southeast Asia,Team Mystique,Support
462,rayy,Raymond Then Wan Jia,Malaysia,Southeast Asia,Team Mystique,Support
463,vtFαded,Cheng Jia Hao,Malaysia,Southeast Asia,Team Orca,Carry
464,Gy,Wong Kok Guan,Malaysia,Southeast Asia,Team Orca,Offlaner
465,AhJit,Lai Jay Son,Malaysia,Southeast Asia,Team Orca,Solo Middle
466,Yif,Zhou Yifu,China,China,Team Orca,Support
467,闷油瓶,Wang Liang,China,China,Team Orca,Support
468,ReaLaxXx,Nikos Kiazolis,Greece,Europe,Team RAAZ,Offlaner
469,Crystallis,Remco Arets,Netherlands,Europe,Team Secret,Carry
470,Heen,Lee Seung Gon,South Korea,Other,Team Secret,Coach
472,Resolut1on,Roman Fomynok,Ukraine,Europe,Team Secret,Offlaner
473,BOOM,Miroslav Bičan,Czechia,Other,Team Secret,Solo Middle
474,Puppey,Clement Ivanov,Estonia,Europe,Team Secret,Support
475,YapzOr,Yazied Jaradat,Jordan,Other,Team Secret,Support
476,Zayac,Baqyt Emiljanov,Kyrgyzstan,CIS,Team Secret,Support
477,7jesu,Maxim Senchinevich,Ukraine,Europe,Team Sexy,Carry
478,Nefrit,Dmitry Tarasich,Ukraine,Europe,Team Sexy,Offlaner
479,CDR,Lee Jia He,Malaysia,Southeast Asia,Team SMG,Carry
480,ALWAYSWANNAFLY,Andrii Bondarenko,Ukraine,Europe,Team SMG,Coach
481,MidOne,Yeik Nai Zheng,Malaysia,Southeast Asia,Team SMG,Offlaner
482,Raging Potato,Ryan Jay Qui,Philippines,Southeast Asia,Team SMG,Offlaner
483,Moon,Kam Boon Seng,Malaysia,Southeast Asia,Team SMG,Solo Middle
484,ah fu,Tue Soon Chuan,Malaysia,Southeast Asia,Team SMG,Support
485,Boomy,Marvin Salvador Gilos Rushton,Philippines,Southeast Asia,Team SMG,Support
487,Yatoro,Illya Mulyarchuk,Ukraine,Europe,Team Spirit,Carry
488,Silent,Airat Gaziev,Russia,Europe,Team Spirit,Coach
489,Collapse,Magomed Khalilov,Russia,Europe,Team Spirit,Offlaner
490,Larl,Denis Sigitov,Russia,Europe,Team Spirit,Solo Middle
491,Miposhka,Yaroslav Naidenov,Russia,Europe,Team Spirit,Support
492,Mira,Miroslaw Kolpakov,Ukraine,Europe,Team Spirit,Support
493,Lance,Fua Hsien Wan,Malaysia,Southeast Asia,TEAM STAR,Carry
494,ddz,Kok Yi Liong,Malaysia,Southeast Asia,TEAM STAR,Solo Middle
495,MoZuN,Goh Choo Jian,Malaysia,Southeast Asia,TEAM STAR,Support
496,InsaNe,Myint Myat Zaw,Myanmar,Southeast Asia,Team Veteran,Solo Middle
497,Kenji,Ye Htike,Myanmar,Southeast Asia,Team Veteran,Support
498,Rap Rap,Kaung Zaw Thu,Myanmar,Southeast Asia,Team Veteran,Support
499,Rusman,Rusman Hadi,Indonesia,Southeast Asia,Team Wolf,Offlaner
500,NeaR,Lu Guangkun,China,China,Team X,Support
501,Scourge McDuck,Griffin Pappert,United States,North America,The Cut,Carry
502,high_shaggy,Muhammad Saad Ali Ghaznavi,Canada,North America,The Cut,Solo Middle
503,empyreaN,Ankit Aggarwal,United States,North America,The Cut,Support
504,Save,Joseph Jacobson,United States,North America,The Cut,Support
505,layme,Timur Magomedov,Russia,Europe,Thiuth Gaming,Carry
506,esK,Jose Esau Perez Coronel,Mexico,Other,Thiuth Gaming,Solo Middle
507,antoha,Anton Marchenko,Non-representing,Other,Thiuth Gaming,Support
508,Smiling Knight,Aliaksei Svirydau,Belarus,Europe,Thunder Awaken,Carry
509,LittleBoy,Mario Romero Valdivia,Peru,South America,Thunder Awaken,Offlaner
510,Alone,Ricardo Ernesto Sanchez Fernandez,Peru,South America,Thunder Awaken,Solo Middle
511,Michael-,Miguel Angel Choque Gomez,Bolivia,South America,Thunder Awaken,Support
512,Accel,Cristian Neto Cruz Quispe,Peru,South America,Thunder Awaken,Support
513,Timado,Enzo Gianoli O'Connor,Peru,South America,TSM,Carry
514,MoonMeander,David Tan Boon Yang,Canada,North America,TSM,Coach
515,kasane,Ilyas Gainullin,Russia,Europe,TSM,Offlaner
516,Bryle,Jonathan Bryle Santos De Guia,Canada,North America,TSM,Solo Middle
517,Whitemon,Matthew Filemon,Indonesia,Southeast Asia,TSM,Support
518,Ari,Matthew Walker,United Kingdom,Europe,TSM,Support
520,skiter,Oliver Lepko,Slovakia,Europe,Tundra Esports,Carry
521,Aui_2000,Kurtis Daniel Ling,Canada,North America,Tundra Esports,Coach
522,33,Neta Shapira,Israel,Other,Tundra Esports,Offlaner
523,Nine,Leon Kirilin,Germany,Europe,Tundra Esports,Solo Middle
524,Saksa,Martin Sazdov,North Macedonia,Other,Tundra Esports,Support
525,Sneyking,Wu Jingjun,United States,North America,Tundra Esports,Support
526,LaKelz,Pipat Prariyachat,Thailand,Southeast Asia,UD Vessuwan,Coach
527,tnt,Thanathorn Sriiamkoon,Thailand,Southeast Asia,UD Vessuwan,Offlaner
528,Boombui,Anurat Praianun,Thailand,Southeast Asia,UD Vessuwan,Support
529,LionaX,Supanut Chow,Thailand,Southeast Asia,UD Vessuwan,Support
530,QAZ,Zhang Xuanhao,China,China,Vampire Gaming,Support
531,Loomdun,Chase Stearns,United States,North America,Vendetta,Coach
532,Erika,Yang Shaohan,China,China,Vici Gaming,Carry
533,Fenrir,Lu Chao,China,China,Vici Gaming,Coach
534,niu,Li Kongbo,China,China,Vici Gaming,Offlaner
535,Setsu,Gao Zhenxiong,China,China,Vici Gaming,Solo Middle
536,fy,Xu Linsen,China,China,Vici Gaming,Support
537,Yang,Zhou Haiyang,China,China,Vici Gaming,Support
538,krylat,Alexandr Krylatov,Russia,Europe,Virtus.pro,Carry
539,Ahilles,Timur Kulmuhambetov,Russia,Europe,Virtus.pro,Coach
540,Noticed,Evgeniy Ignatenko,Russia,Europe,Virtus.pro,Offlaner
541,squad1x,Ilya Kuvaldin,Russia,Europe,Virtus.pro,Solo Middle
542,Dukalis,Andrey Kuropatkin,Russia,Europe,Virtus.pro,Support
543,illias,Illias Ganeev,Russia,Europe,Virtus.pro,Support
544,sayuw,Oleg Kalenbet,Russia,Europe,Virtus.pro,Support
545,Palantimos,Nikita Grinkevich,Belarus,Europe,Water Rune Enjoyers,Carry
546,BliNcc,Ionut Radu Musat,Romania,Europe,Water Rune Enjoyers,Offlaner
547,y0nd,Gleb Vazhnov,Russia,Europe,Water Rune Enjoyers,Support
548,DurpDurp,Erik Kamerling,United States,North America,Wheel Whreck,Support
549,.Ark,Yegor Zhabotinskii,Non-representing,Other,Wildcard Gaming,Carry
550,Sunlight,Kirill Kachinsky,Belarus,Europe,Wildcard Gaming,Offlaner
551,babitich,Vladimir Abelyan,Russia,Europe,Wildcard Gaming,Solo Middle
552,FLee,Francis Lee,United States,North America,Wildcard Gaming,Support
553,Sammyboy,Samuel Anderson,United States,North America,Wildcard Gaming,Support
554,NO_Chanc3,Moin Ejaz,India,Other,Winter Bear,Support
555,Exotic_Deer,Natan Michalewicz,Poland,Europe,Wisła Kraków,Carry
556,hFn,William Medeiros de Anastácio,Brazil,South America,Wolf Team,Carry
557,633,Stanislav Glushan,Russia,Europe,X3,Coach
558,2hoi,Chang Tu Hai,Indonesia,Southeast Asia,XCN Gaming,Support
559,Karma丶,Philip Joshua Torres,Philippines,Southeast Asia,XERXIA,Carry
560,Rupido,Glenard Lei C. Rugay,Philippines,Southeast Asia,XERXIA,Offlaner
561,JG,Julius Galeon,Philippines,Southeast Asia,XERXIA,Solo Middle
562,Teehee,John Linuel Abanto,Philippines,Southeast Asia,XERXIA,Support
563,bombi,Trần Hoàng Minh Quý,Vietnam,Southeast Asia,XERXIA,Support
564,J,Wang Wenjun,China,China,Xtreme Gaming,Carry
565,Ghost,Daniel Chan Kok Hong,Malaysia,Southeast Asia,Xtreme Gaming,Carry
566,bLink,Zhou Yang,China,China,Xtreme Gaming,Coach
567,Srf,Sun Runfa,China,China,Xtreme Gaming,Offlaner
568,JT-,Thiay Jun Wen,Malaysia,Southeast Asia,Xtreme Gaming,Offlaner
569,Paparazi灬,Zhang Chengjun,China,China,Xtreme Gaming,Solo Middle
570,Dy,Ding Cong,China,China,Xtreme Gaming,Support
571,Pyw,Xiong Jiahan,China,China,Xtreme Gaming,Support
572,ShowTi,Aung Myat Soe,Myanmar,Southeast Asia,Yangon Galacticos,Offlaner
573,Lou,Lou Zhen,China,China,Ybb Gaming,Carry
574,Beyond,Xiang Zhenghong,China,China,Ybb Gaming,Offlaner
575,7e,Huang Heming,China,China,Ybb Gaming,Solo Middle
576,zzq,Zhang Ziqiang,China,China,Ybb Gaming,Support
577,天命,Jiang An,China,China,Ybb Gaming,Support
578,ArsZeeqq,Arsenii Usov,Russia,Europe,YNT,Coach
579,Dame,Egor Lexyutin,Russia,Europe,YNT,Solo Middle
580,Bignum,Danil Shekhovtsov,Ukraine,Europe,YNT,Support
581,CemaTheSlayer,Semen Krivulya,Ukraine,Europe,YNT,Support
582,PatSoul,Zheng Yukai,Canada,North America,Young Drug Gaming,Offlaner
583,lt,Luo Tao,China,China,Zeus Gaming,Support
